pair,slot,algorithm,our_cost,nx_cost,verdict
0,07:30,ucs,565.178250,565.178250,PASS
0,07:30,astar,565.178250,565.178250,PASS
1,07:30,ucs,885.413250,885.413250,PASS
1,07:30,astar,885.413250,885.413250,PASS
2,07:30,ucs,678.729179,678.729179,PASS
2,07:30,astar,678.729179,678.729179,PASS
3,07:30,ucs,566.723643,566.723643,PASS
3,07:30,astar,566.723643,566.723643,PASS
4,07:30,ucs,494.761500,494.761500,PASS
4,07:30,astar,494.761500,494.761500,PASS
5,07:30,ucs,539.552036,539.552036,PASS
5,07:30,astar,539.552036,539.552036,PASS
6,07:30,ucs,500.089643,500.089643,PASS
6,07:30,astar,500.089643,500.089643,PASS
7,07:30,ucs,463.450750,463.450750,PASS
7,07:30,astar,463.450750,463.450750,PASS
8,07:30,ucs,557.913446,557.913446,PASS
8,07:30,astar,557.913446,557.913446,PASS
9,07:30,ucs,611.978500,611.978500,PASS
9,07:30,astar,611.978500,611.978500,PASS
10,07:30,ucs,294.899857,294.899857,PASS
10,07:30,astar,294.899857,294.899857,PASS
11,07:30,ucs,735.257018,735.257018,PASS
11,07:30,astar,735.257018,735.257018,PASS
12,07:30,ucs,342.394214,342.394214,PASS
12,07:30,astar,342.394214,342.394214,PASS
13,07:30,ucs,516.280286,516.280286,PASS
13,07:30,astar,516.280286,516.280286,PASS
14,07:30,ucs,686.591750,686.591750,PASS
14,07:30,astar,686.591750,686.591750,PASS
15,07:30,ucs,994.401500,994.401500,PASS
15,07:30,astar,994.401500,994.401500,PASS
16,07:30,ucs,496.346732,496.346732,PASS
16,07:30,astar,496.346732,496.346732,PASS
17,07:30,ucs,486.658286,486.658286,PASS
17,07:30,astar,486.658286,486.658286,PASS
18,07:30,ucs,784.541393,784.541393,PASS
18,07:30,astar,784.541393,784.541393,PASS
19,07:30,ucs,727.054821,727.054821,PASS
19,07:30,astar,727.054821,727.054821,PASS
20,07:30,ucs,562.608643,562.608643,PASS
20,07:30,astar,562.608643,562.608643,PASS
21,07:30,ucs,782.136982,782.136982,PASS
21,07:30,astar,782.136982,782.136982,PASS
22,07:30,ucs,747.309643,747.309643,PASS
22,07:30,astar,747.309643,747.309643,PASS
23,07:30,ucs,1032.533679,1032.533679,PASS
23,07:30,astar,1032.533679,1032.533679,PASS
24,07:30,ucs,590.311482,590.311482,PASS
24,07:30,astar,590.311482,590.311482,PASS
25,07:30,ucs,394.758179,394.758179,PASS
25,07:30,astar,394.758179,394.758179,PASS
26,07:30,ucs,1102.641232,1102.641232,PASS
26,07:30,astar,1102.641232,1102.641232,PASS
27,07:30,ucs,494.372357,494.372357,PASS
27,07:30,astar,494.372357,494.372357,PASS
28,07:30,ucs,834.317536,834.317536,PASS
28,07:30,astar,834.317536,834.317536,PASS
29,07:30,ucs,846.383232,846.383232,PASS
29,07:30,astar,846.383232,846.383232,PASS
30,07:30,ucs,692.700696,692.700696,PASS
30,07:30,astar,692.700696,692.700696,PASS
31,07:30,ucs,568.252714,568.252714,PASS
31,07:30,astar,568.252714,568.252714,PASS
32,07:30,ucs,618.592571,618.592571,PASS
32,07:30,astar,618.592571,618.592571,PASS
33,07:30,ucs,798.690250,798.690250,PASS
33,07:30,astar,798.690250,798.690250,PASS
34,07:30,ucs,545.079625,545.079625,PASS
34,07:30,astar,545.079625,545.079625,PASS
35,07:30,ucs,607.443982,607.443982,PASS
35,07:30,astar,607.443982,607.443982,PASS
36,07:30,ucs,246.208500,246.208500,PASS
36,07:30,astar,246.208500,246.208500,PASS
37,07:30,ucs,581.837000,581.837000,PASS
37,07:30,astar,581.837000,581.837000,PASS
38,07:30,ucs,896.647196,896.647196,PASS
38,07:30,astar,896.647196,896.647196,PASS
39,07:30,ucs,789.475643,789.475643,PASS
39,07:30,astar,789.475643,789.475643,PASS
40,07:30,ucs,446.987000,446.987000,PASS
40,07:30,astar,446.987000,446.987000,PASS
41,07:30,ucs,572.743607,572.743607,PASS
41,07:30,astar,572.743607,572.743607,PASS
42,07:30,ucs,857.954286,857.954286,PASS
42,07:30,astar,857.954286,857.954286,PASS
43,07:30,ucs,466.078625,466.078625,PASS
43,07:30,astar,466.078625,466.078625,PASS
44,07:30,ucs,838.482375,838.482375,PASS
44,07:30,astar,838.482375,838.482375,PASS
45,07:30,ucs,863.881018,863.881018,PASS
45,07:30,astar,863.881018,863.881018,PASS
46,07:30,ucs,854.502411,854.502411,PASS
46,07:30,astar,854.502411,854.502411,PASS
47,07:30,ucs,630.996625,630.996625,PASS
47,07:30,astar,630.996625,630.996625,PASS
48,07:30,ucs,852.035000,852.035000,PASS
48,07:30,astar,852.035000,852.035000,PASS
49,07:30,ucs,1089.547482,1089.547482,PASS
49,07:30,astar,1089.547482,1089.547482,PASS
50,07:30,ucs,327.299214,327.299214,PASS
50,07:30,astar,327.299214,327.299214,PASS
51,07:30,ucs,273.250000,273.250000,PASS
51,07:30,astar,273.250000,273.250000,PASS
52,07:30,ucs,515.086000,515.086000,PASS
52,07:30,astar,515.086000,515.086000,PASS
53,07:30,ucs,261.803750,261.803750,PASS
53,07:30,astar,261.803750,261.803750,PASS
54,07:30,ucs,424.613625,424.613625,PASS
54,07:30,astar,424.613625,424.613625,PASS
55,07:30,ucs,678.915893,678.915893,PASS
55,07:30,astar,678.915893,678.915893,PASS
56,07:30,ucs,643.412839,643.412839,PASS
56,07:30,astar,643.412839,643.412839,PASS
57,07:30,ucs,813.136643,813.136643,PASS
57,07:30,astar,813.136643,813.136643,PASS
58,07:30,ucs,691.212857,691.212857,PASS
58,07:30,astar,691.212857,691.212857,PASS
59,07:30,ucs,688.497214,688.497214,PASS
59,07:30,astar,688.497214,688.497214,PASS
60,07:30,ucs,506.769000,506.769000,PASS
60,07:30,astar,506.769000,506.769000,PASS
61,07:30,ucs,512.455071,512.455071,PASS
61,07:30,astar,512.455071,512.455071,PASS
62,07:30,ucs,762.266875,762.266875,PASS
62,07:30,astar,762.266875,762.266875,PASS
63,07:30,ucs,581.198482,581.198482,PASS
63,07:30,astar,581.198482,581.198482,PASS
64,07:30,ucs,922.939589,922.939589,PASS
64,07:30,astar,922.939589,922.939589,PASS
65,07:30,ucs,674.690161,674.690161,PASS
65,07:30,astar,674.690161,674.690161,PASS
66,07:30,ucs,956.831143,956.831143,PASS
66,07:30,astar,956.831143,956.831143,PASS
67,07:30,ucs,834.556768,834.556768,PASS
67,07:30,astar,834.556768,834.556768,PASS
68,07:30,ucs,929.908571,929.908571,PASS
68,07:30,astar,929.908571,929.908571,PASS
69,07:30,ucs,849.814429,849.814429,PASS
69,07:30,astar,849.814429,849.814429,PASS
70,07:30,ucs,731.851250,731.851250,PASS
70,07:30,astar,731.851250,731.851250,PASS
71,07:30,ucs,439.647911,439.647911,PASS
71,07:30,astar,439.647911,439.647911,PASS
72,07:30,ucs,984.274625,984.274625,PASS
72,07:30,astar,984.274625,984.274625,PASS
73,07:30,ucs,772.092893,772.092893,PASS
73,07:30,astar,772.092893,772.092893,PASS
74,07:30,ucs,1158.385446,1158.385446,PASS
74,07:30,astar,1158.385446,1158.385446,PASS
75,07:30,ucs,776.907161,776.907161,PASS
75,07:30,astar,776.907161,776.907161,PASS
76,07:30,ucs,574.611536,574.611536,PASS
76,07:30,astar,574.611536,574.611536,PASS
77,07:30,ucs,400.378821,400.378821,PASS
77,07:30,astar,400.378821,400.378821,PASS
78,07:30,ucs,588.805393,588.805393,PASS
78,07:30,astar,588.805393,588.805393,PASS
79,07:30,ucs,387.995786,387.995786,PASS
79,07:30,astar,387.995786,387.995786,PASS
80,07:30,ucs,583.061929,583.061929,PASS
80,07:30,astar,583.061929,583.061929,PASS
81,07:30,ucs,918.423018,918.423018,PASS
81,07:30,astar,918.423018,918.423018,PASS
82,07:30,ucs,707.150500,707.150500,PASS
82,07:30,astar,707.150500,707.150500,PASS
83,07:30,ucs,429.011000,429.011000,PASS
83,07:30,astar,429.011000,429.011000,PASS
84,07:30,ucs,748.147000,748.147000,PASS
84,07:30,astar,748.147000,748.147000,PASS
85,07:30,ucs,402.493750,402.493750,PASS
85,07:30,astar,402.493750,402.493750,PASS
86,07:30,ucs,466.025000,466.025000,PASS
86,07:30,astar,466.025000,466.025000,PASS
87,07:30,ucs,717.308411,717.308411,PASS
87,07:30,astar,717.308411,717.308411,PASS
88,07:30,ucs,627.382250,627.382250,PASS
88,07:30,astar,627.382250,627.382250,PASS
89,07:30,ucs,245.510250,245.510250,PASS
89,07:30,astar,245.510250,245.510250,PASS
90,07:30,ucs,371.745714,371.745714,PASS
90,07:30,astar,371.745714,371.745714,PASS
91,07:30,ucs,362.972500,362.972500,PASS
91,07:30,astar,362.972500,362.972500,PASS
92,07:30,ucs,691.467482,691.467482,PASS
92,07:30,astar,691.467482,691.467482,PASS
93,07:30,ucs,902.834357,902.834357,PASS
93,07:30,astar,902.834357,902.834357,PASS
94,07:30,ucs,705.062161,705.062161,PASS
94,07:30,astar,705.062161,705.062161,PASS
95,07:30,ucs,718.632500,718.632500,PASS
95,07:30,astar,718.632500,718.632500,PASS
96,07:30,ucs,720.031125,720.031125,PASS
96,07:30,astar,720.031125,720.031125,PASS
97,07:30,ucs,883.146679,883.146679,PASS
97,07:30,astar,883.146679,883.146679,PASS
98,07:30,ucs,458.250000,458.250000,PASS
98,07:30,astar,458.250000,458.250000,PASS
99,07:30,ucs,571.011000,571.011000,PASS
99,07:30,astar,571.011000,571.011000,PASS
100,07:30,ucs,682.026643,682.026643,PASS
100,07:30,astar,682.026643,682.026643,PASS
101,07:30,ucs,1037.742179,1037.742179,PASS
101,07:30,astar,1037.742179,1037.742179,PASS
102,07:30,ucs,799.478036,799.478036,PASS
102,07:30,astar,799.478036,799.478036,PASS
103,07:30,ucs,501.205036,501.205036,PASS
103,07:30,astar,501.205036,501.205036,PASS
104,07:30,ucs,641.566571,641.566571,PASS
104,07:30,astar,641.566571,641.566571,PASS
105,07:30,ucs,697.609107,697.609107,PASS
105,07:30,astar,697.609107,697.609107,PASS
106,07:30,ucs,685.159375,685.159375,PASS
106,07:30,astar,685.159375,685.159375,PASS
107,07:30,ucs,900.591375,900.591375,PASS
107,07:30,astar,900.591375,900.591375,PASS
108,07:30,ucs,621.195071,621.195071,PASS
108,07:30,astar,621.195071,621.195071,PASS
109,07:30,ucs,764.943250,764.943250,PASS
109,07:30,astar,764.943250,764.943250,PASS
110,07:30,ucs,402.273446,402.273446,PASS
110,07:30,astar,402.273446,402.273446,PASS
111,07:30,ucs,749.595768,749.595768,PASS
111,07:30,astar,749.595768,749.595768,PASS
112,07:30,ucs,808.384786,808.384786,PASS
112,07:30,astar,808.384786,808.384786,PASS
113,07:30,ucs,733.308000,733.308000,PASS
113,07:30,astar,733.308000,733.308000,PASS
114,07:30,ucs,689.759500,689.759500,PASS
114,07:30,astar,689.759500,689.759500,PASS
115,07:30,ucs,739.272214,739.272214,PASS
115,07:30,astar,739.272214,739.272214,PASS
116,07:30,ucs,427.425875,427.425875,PASS
116,07:30,astar,427.425875,427.425875,PASS
117,07:30,ucs,472.507768,472.507768,PASS
117,07:30,astar,472.507768,472.507768,PASS
118,07:30,ucs,888.199804,888.199804,PASS
118,07:30,astar,888.199804,888.199804,PASS
119,07:30,ucs,547.311750,547.311750,PASS
119,07:30,astar,547.311750,547.311750,PASS
120,07:30,ucs,574.629286,574.629286,PASS
120,07:30,astar,574.629286,574.629286,PASS
121,07:30,ucs,594.618125,594.618125,PASS
121,07:30,astar,594.618125,594.618125,PASS
122,07:30,ucs,957.540982,957.540982,PASS
122,07:30,astar,957.540982,957.540982,PASS
123,07:30,ucs,392.892929,392.892929,PASS
123,07:30,astar,392.892929,392.892929,PASS
124,07:30,ucs,425.093250,425.093250,PASS
124,07:30,astar,425.093250,425.093250,PASS
125,07:30,ucs,406.203536,406.203536,PASS
125,07:30,astar,406.203536,406.203536,PASS
126,07:30,ucs,620.020750,620.020750,PASS
126,07:30,astar,620.020750,620.020750,PASS
127,07:30,ucs,719.811143,719.811143,PASS
127,07:30,astar,719.811143,719.811143,PASS
128,07:30,ucs,772.030000,772.030000,PASS
128,07:30,astar,772.030000,772.030000,PASS
129,07:30,ucs,770.964018,770.964018,PASS
129,07:30,astar,770.964018,770.964018,PASS
130,07:30,ucs,986.824679,986.824679,PASS
130,07:30,astar,986.824679,986.824679,PASS
131,07:30,ucs,1087.681304,1087.681304,PASS
131,07:30,astar,1087.681304,1087.681304,PASS
132,07:30,ucs,401.553964,401.553964,PASS
132,07:30,astar,401.553964,401.553964,PASS
133,07:30,ucs,752.334143,752.334143,PASS
133,07:30,astar,752.334143,752.334143,PASS
134,07:30,ucs,344.862214,344.862214,PASS
134,07:30,astar,344.862214,344.862214,PASS
135,07:30,ucs,378.842786,378.842786,PASS
135,07:30,astar,378.842786,378.842786,PASS
136,07:30,ucs,449.968375,449.968375,PASS
136,07:30,astar,449.968375,449.968375,PASS
137,07:30,ucs,595.216500,595.216500,PASS
137,07:30,astar,595.216500,595.216500,PASS
138,07:30,ucs,452.782571,452.782571,PASS
138,07:30,astar,452.782571,452.782571,PASS
139,07:30,ucs,402.375000,402.375000,PASS
139,07:30,astar,402.375000,402.375000,PASS
140,07:30,ucs,351.837500,351.837500,PASS
140,07:30,astar,351.837500,351.837500,PASS
141,07:30,ucs,255.915000,255.915000,PASS
141,07:30,astar,255.915000,255.915000,PASS
142,07:30,ucs,937.660429,937.660429,PASS
142,07:30,astar,937.660429,937.660429,PASS
143,07:30,ucs,536.966446,536.966446,PASS
143,07:30,astar,536.966446,536.966446,PASS
144,07:30,ucs,372.825000,372.825000,PASS
144,07:30,astar,372.825000,372.825000,PASS
145,07:30,ucs,635.423089,635.423089,PASS
145,07:30,astar,635.423089,635.423089,PASS
146,07:30,ucs,629.917054,629.917054,PASS
146,07:30,astar,629.917054,629.917054,PASS
147,07:30,ucs,601.822554,601.822554,PASS
147,07:30,astar,601.822554,601.822554,PASS
148,07:30,ucs,655.327875,655.327875,PASS
148,07:30,astar,655.327875,655.327875,PASS
149,07:30,ucs,381.541000,381.541000,PASS
149,07:30,astar,381.541000,381.541000,PASS
150,07:30,ucs,637.083321,637.083321,PASS
150,07:30,astar,637.083321,637.083321,PASS
151,07:30,ucs,844.709661,844.709661,PASS
151,07:30,astar,844.709661,844.709661,PASS
152,07:30,ucs,630.930804,630.930804,PASS
152,07:30,astar,630.930804,630.930804,PASS
153,07:30,ucs,397.410250,397.410250,PASS
153,07:30,astar,397.410250,397.410250,PASS
154,07:30,ucs,497.940250,497.940250,PASS
154,07:30,astar,497.940250,497.940250,PASS
155,07:30,ucs,602.664875,602.664875,PASS
155,07:30,astar,602.664875,602.664875,PASS
156,07:30,ucs,952.155929,952.155929,PASS
156,07:30,astar,952.155929,952.155929,PASS
157,07:30,ucs,521.197000,521.197000,PASS
157,07:30,astar,521.197000,521.197000,PASS
158,07:30,ucs,596.745000,596.745000,PASS
158,07:30,astar,596.745000,596.745000,PASS
159,07:30,ucs,929.539375,929.539375,PASS
159,07:30,astar,929.539375,929.539375,PASS
160,07:30,ucs,614.387946,614.387946,PASS
160,07:30,astar,614.387946,614.387946,PASS
161,07:30,ucs,354.620000,354.620000,PASS
161,07:30,astar,354.620000,354.620000,PASS
162,07:30,ucs,359.709607,359.709607,PASS
162,07:30,astar,359.709607,359.709607,PASS
163,07:30,ucs,514.371571,514.371571,PASS
163,07:30,astar,514.371571,514.371571,PASS
164,07:30,ucs,771.418214,771.418214,PASS
164,07:30,astar,771.418214,771.418214,PASS
165,07:30,ucs,674.011000,674.011000,PASS
165,07:30,astar,674.011000,674.011000,PASS
166,07:30,ucs,782.083375,782.083375,PASS
166,07:30,astar,782.083375,782.083375,PASS
167,07:30,ucs,827.481161,827.481161,PASS
167,07:30,astar,827.481161,827.481161,PASS
168,07:30,ucs,416.287250,416.287250,PASS
168,07:30,astar,416.287250,416.287250,PASS
169,07:30,ucs,757.834804,757.834804,PASS
169,07:30,astar,757.834804,757.834804,PASS
170,07:30,ucs,1199.782500,1199.782500,PASS
170,07:30,astar,1199.782500,1199.782500,PASS
171,07:30,ucs,778.743304,778.743304,PASS
171,07:30,astar,778.743304,778.743304,PASS
172,07:30,ucs,422.875964,422.875964,PASS
172,07:30,astar,422.875964,422.875964,PASS
173,07:30,ucs,423.164750,423.164750,PASS
173,07:30,astar,423.164750,423.164750,PASS
174,07:30,ucs,621.686500,621.686500,PASS
174,07:30,astar,621.686500,621.686500,PASS
175,07:30,ucs,784.539339,784.539339,PASS
175,07:30,astar,784.539339,784.539339,PASS
176,07:30,ucs,939.480875,939.480875,PASS
176,07:30,astar,939.480875,939.480875,PASS
177,07:30,ucs,501.846375,501.846375,PASS
177,07:30,astar,501.846375,501.846375,PASS
178,07:30,ucs,460.022679,460.022679,PASS
178,07:30,astar,460.022679,460.022679,PASS
179,07:30,ucs,857.068464,857.068464,PASS
179,07:30,astar,857.068464,857.068464,PASS
180,07:30,ucs,447.861375,447.861375,PASS
180,07:30,astar,447.861375,447.861375,PASS
181,07:30,ucs,273.621500,273.621500,PASS
181,07:30,astar,273.621500,273.621500,PASS
182,07:30,ucs,694.112018,694.112018,PASS
182,07:30,astar,694.112018,694.112018,PASS
183,07:30,ucs,450.738054,450.738054,PASS
183,07:30,astar,450.738054,450.738054,PASS
184,07:30,ucs,443.113929,443.113929,PASS
184,07:30,astar,443.113929,443.113929,PASS
185,07:30,ucs,451.044982,451.044982,PASS
185,07:30,astar,451.044982,451.044982,PASS
186,07:30,ucs,861.412089,861.412089,PASS
186,07:30,astar,861.412089,861.412089,PASS
187,07:30,ucs,491.707339,491.707339,PASS
187,07:30,astar,491.707339,491.707339,PASS
188,07:30,ucs,611.632000,611.632000,PASS
188,07:30,astar,611.632000,611.632000,PASS
189,07:30,ucs,315.214893,315.214893,PASS
189,07:30,astar,315.214893,315.214893,PASS
190,07:30,ucs,314.507000,314.507000,PASS
190,07:30,astar,314.507000,314.507000,PASS
191,07:30,ucs,947.467571,947.467571,PASS
191,07:30,astar,947.467571,947.467571,PASS
192,07:30,ucs,359.848857,359.848857,PASS
192,07:30,astar,359.848857,359.848857,PASS
193,07:30,ucs,202.426000,202.426000,PASS
193,07:30,astar,202.426000,202.426000,PASS
194,07:30,ucs,695.910446,695.910446,PASS
194,07:30,astar,695.910446,695.910446,PASS
195,07:30,ucs,769.183286,769.183286,PASS
195,07:30,astar,769.183286,769.183286,PASS
196,07:30,ucs,220.939000,220.939000,PASS
196,07:30,astar,220.939000,220.939000,PASS
197,07:30,ucs,631.484643,631.484643,PASS
197,07:30,astar,631.484643,631.484643,PASS
198,07:30,ucs,926.642893,926.642893,PASS
198,07:30,astar,926.642893,926.642893,PASS
199,07:30,ucs,561.072196,561.072196,PASS
199,07:30,astar,561.072196,561.072196,PASS
0,22:00,ucs,357.734000,357.734000,PASS
0,22:00,astar,357.734000,357.734000,PASS
1,22:00,ucs,561.680893,561.680893,PASS
1,22:00,astar,561.680893,561.680893,PASS
2,22:00,ucs,464.612714,464.612714,PASS
2,22:00,astar,464.612714,464.612714,PASS
3,22:00,ucs,401.157625,401.157625,PASS
3,22:00,astar,401.157625,401.157625,PASS
4,22:00,ucs,401.034857,401.034857,PASS
4,22:00,astar,401.034857,401.034857,PASS
5,22:00,ucs,395.918196,395.918196,PASS
5,22:00,astar,395.918196,395.918196,PASS
6,22:00,ucs,400.570321,400.570321,PASS
6,22:00,astar,400.570321,400.570321,PASS
7,22:00,ucs,441.162625,441.162625,PASS
7,22:00,astar,441.162625,441.162625,PASS
8,22:00,ucs,365.814750,365.814750,PASS
8,22:00,astar,365.814750,365.814750,PASS
9,22:00,ucs,479.747000,479.747000,PASS
9,22:00,astar,479.747000,479.747000,PASS
10,22:00,ucs,265.069304,265.069304,PASS
10,22:00,astar,265.069304,265.069304,PASS
11,22:00,ucs,537.084286,537.084286,PASS
11,22:00,astar,537.084286,537.084286,PASS
12,22:00,ucs,257.890857,257.890857,PASS
12,22:00,astar,257.890857,257.890857,PASS
13,22:00,ucs,404.130429,404.130429,PASS
13,22:00,astar,404.130429,404.130429,PASS
14,22:00,ucs,507.664625,507.664625,PASS
14,22:00,astar,507.664625,507.664625,PASS
15,22:00,ucs,636.828375,636.828375,PASS
15,22:00,astar,636.828375,636.828375,PASS
16,22:00,ucs,402.589000,402.589000,PASS
16,22:00,astar,402.589000,402.589000,PASS
17,22:00,ucs,347.435571,347.435571,PASS
17,22:00,astar,347.435571,347.435571,PASS
18,22:00,ucs,574.633250,574.633250,PASS
18,22:00,astar,574.633250,574.633250,PASS
19,22:00,ucs,479.098339,479.098339,PASS
19,22:00,astar,479.098339,479.098339,PASS
20,22:00,ucs,394.748357,394.748357,PASS
20,22:00,astar,394.748357,394.748357,PASS
21,22:00,ucs,501.497750,501.497750,PASS
21,22:00,astar,501.497750,501.497750,PASS
22,22:00,ucs,580.832357,580.832357,PASS
22,22:00,astar,580.832357,580.832357,PASS
23,22:00,ucs,765.841143,765.841143,PASS
23,22:00,astar,765.841143,765.841143,PASS
24,22:00,ucs,409.384821,409.384821,PASS
24,22:00,astar,409.384821,409.384821,PASS
25,22:00,ucs,315.307786,315.307786,PASS
25,22:00,astar,315.307786,315.307786,PASS
26,22:00,ucs,790.383321,790.383321,PASS
26,22:00,astar,790.383321,790.383321,PASS
27,22:00,ucs,366.082500,366.082500,PASS
27,22:00,astar,366.082500,366.082500,PASS
28,22:00,ucs,613.379250,613.379250,PASS
28,22:00,astar,613.379250,613.379250,PASS
29,22:00,ucs,538.712339,538.712339,PASS
29,22:00,astar,538.712339,538.712339,PASS
30,22:00,ucs,407.178250,407.178250,PASS
30,22:00,astar,407.178250,407.178250,PASS
31,22:00,ucs,380.360786,380.360786,PASS
31,22:00,astar,380.360786,380.360786,PASS
32,22:00,ucs,432.581000,432.581000,PASS
32,22:00,astar,432.581000,432.581000,PASS
33,22:00,ucs,551.276429,551.276429,PASS
33,22:00,astar,551.276429,551.276429,PASS
34,22:00,ucs,310.913500,310.913500,PASS
34,22:00,astar,310.913500,310.913500,PASS
35,22:00,ucs,442.932875,442.932875,PASS
35,22:00,astar,442.932875,442.932875,PASS
36,22:00,ucs,193.971214,193.971214,PASS
36,22:00,astar,193.971214,193.971214,PASS
37,22:00,ucs,393.773000,393.773000,PASS
37,22:00,astar,393.773000,393.773000,PASS
38,22:00,ucs,601.899179,601.899179,PASS
38,22:00,astar,601.899179,601.899179,PASS
39,22:00,ucs,562.211339,562.211339,PASS
39,22:00,astar,562.211339,562.211339,PASS
40,22:00,ucs,337.164875,337.164875,PASS
40,22:00,astar,337.164875,337.164875,PASS
41,22:00,ucs,390.964768,390.964768,PASS
41,22:00,astar,390.964768,390.964768,PASS
42,22:00,ucs,554.988857,554.988857,PASS
42,22:00,astar,554.988857,554.988857,PASS
43,22:00,ucs,418.822839,418.822839,PASS
43,22:00,astar,418.822839,418.822839,PASS
44,22:00,ucs,573.428000,573.428000,PASS
44,22:00,astar,573.428000,573.428000,PASS
45,22:00,ucs,600.809732,600.809732,PASS
45,22:00,astar,600.809732,600.809732,PASS
46,22:00,ucs,592.647304,592.647304,PASS
46,22:00,astar,592.647304,592.647304,PASS
47,22:00,ucs,436.180000,436.180000,PASS
47,22:00,astar,436.180000,436.180000,PASS
48,22:00,ucs,645.229411,645.229411,PASS
48,22:00,astar,645.229411,645.229411,PASS
49,22:00,ucs,751.618696,751.618696,PASS
49,22:00,astar,751.618696,751.618696,PASS
50,22:00,ucs,240.083357,240.083357,PASS
50,22:00,astar,240.083357,240.083357,PASS
51,22:00,ucs,182.375000,182.375000,PASS
51,22:00,astar,182.375000,182.375000,PASS
52,22:00,ucs,387.611500,387.611500,PASS
52,22:00,astar,387.611500,387.611500,PASS
53,22:00,ucs,178.082000,178.082000,PASS
53,22:00,astar,178.082000,178.082000,PASS
54,22:00,ucs,303.812089,303.812089,PASS
54,22:00,astar,303.812089,303.812089,PASS
55,22:00,ucs,480.338750,480.338750,PASS
55,22:00,astar,480.338750,480.338750,PASS
56,22:00,ucs,501.167304,501.167304,PASS
56,22:00,astar,501.167304,501.167304,PASS
57,22:00,ucs,551.712679,551.712679,PASS
57,22:00,astar,551.712679,551.712679,PASS
58,22:00,ucs,440.944929,440.944929,PASS
58,22:00,astar,440.944929,440.944929,PASS
59,22:00,ucs,486.144911,486.144911,PASS
59,22:00,astar,486.144911,486.144911,PASS
60,22:00,ucs,338.300143,338.300143,PASS
60,22:00,astar,338.300143,338.300143,PASS
61,22:00,ucs,333.167893,333.167893,PASS
61,22:00,astar,333.167893,333.167893,PASS
62,22:00,ucs,503.699500,503.699500,PASS
62,22:00,astar,503.699500,503.699500,PASS
63,22:00,ucs,442.595107,442.595107,PASS
63,22:00,astar,442.595107,442.595107,PASS
64,22:00,ucs,605.525071,605.525071,PASS
64,22:00,astar,605.525071,605.525071,PASS
65,22:00,ucs,442.945357,442.945357,PASS
65,22:00,astar,442.945357,442.945357,PASS
66,22:00,ucs,679.017375,679.017375,PASS
66,22:00,astar,679.017375,679.017375,PASS
67,22:00,ucs,579.777196,579.777196,PASS
67,22:00,astar,579.777196,579.777196,PASS
68,22:00,ucs,639.174054,639.174054,PASS
68,22:00,astar,639.174054,639.174054,PASS
69,22:00,ucs,570.369429,570.369429,PASS
69,22:00,astar,570.369429,570.369429,PASS
70,22:00,ucs,520.578179,520.578179,PASS
70,22:00,astar,520.578179,520.578179,PASS
71,22:00,ucs,284.651946,284.651946,PASS
71,22:00,astar,284.651946,284.651946,PASS
72,22:00,ucs,644.685875,644.685875,PASS
72,22:00,astar,644.685875,644.685875,PASS
73,22:00,ucs,516.553232,516.553232,PASS
73,22:00,astar,516.553232,516.553232,PASS
74,22:00,ucs,823.307321,823.307321,PASS
74,22:00,astar,823.307321,823.307321,PASS
75,22:00,ucs,577.891214,577.891214,PASS
75,22:00,astar,577.891214,577.891214,PASS
76,22:00,ucs,403.583250,403.583250,PASS
76,22:00,astar,403.583250,403.583250,PASS
77,22:00,ucs,259.938679,259.938679,PASS
77,22:00,astar,259.938679,259.938679,PASS
78,22:00,ucs,412.997036,412.997036,PASS
78,22:00,astar,412.997036,412.997036,PASS
79,22:00,ucs,333.039000,333.039000,PASS
79,22:00,astar,333.039000,333.039000,PASS
80,22:00,ucs,381.168250,381.168250,PASS
80,22:00,astar,381.168250,381.168250,PASS
81,22:00,ucs,581.503304,581.503304,PASS
81,22:00,astar,581.503304,581.503304,PASS
82,22:00,ucs,463.860893,463.860893,PASS
82,22:00,astar,463.860893,463.860893,PASS
83,22:00,ucs,350.386500,350.386500,PASS
83,22:00,astar,350.386500,350.386500,PASS
84,22:00,ucs,518.567857,518.567857,PASS
84,22:00,astar,518.567857,518.567857,PASS
85,22:00,ucs,368.874750,368.874750,PASS
85,22:00,astar,368.874750,368.874750,PASS
86,22:00,ucs,390.346500,390.346500,PASS
86,22:00,astar,390.346500,390.346500,PASS
87,22:00,ucs,523.378661,523.378661,PASS
87,22:00,astar,523.378661,523.378661,PASS
88,22:00,ucs,404.479625,404.479625,PASS
88,22:00,astar,404.479625,404.479625,PASS
89,22:00,ucs,160.143375,160.143375,PASS
89,22:00,astar,160.143375,160.143375,PASS
90,22:00,ucs,298.851929,298.851929,PASS
90,22:00,astar,298.851929,298.851929,PASS
91,22:00,ucs,310.040875,310.040875,PASS
91,22:00,astar,310.040875,310.040875,PASS
92,22:00,ucs,456.953732,456.953732,PASS
92,22:00,astar,456.953732,456.953732,PASS
93,22:00,ucs,621.621196,621.621196,PASS
93,22:00,astar,621.621196,621.621196,PASS
94,22:00,ucs,500.673929,500.673929,PASS
94,22:00,astar,500.673929,500.673929,PASS
95,22:00,ucs,505.182500,505.182500,PASS
95,22:00,astar,505.182500,505.182500,PASS
96,22:00,ucs,539.911500,539.911500,PASS
96,22:00,astar,539.911500,539.911500,PASS
97,22:00,ucs,628.540893,628.540893,PASS
97,22:00,astar,628.540893,628.540893,PASS
98,22:00,ucs,241.320000,241.320000,PASS
98,22:00,astar,241.320000,241.320000,PASS
99,22:00,ucs,422.934857,422.934857,PASS
99,22:00,astar,422.934857,422.934857,PASS
100,22:00,ucs,493.551429,493.551429,PASS
100,22:00,astar,493.551429,493.551429,PASS
101,22:00,ucs,740.119179,740.119179,PASS
101,22:00,astar,740.119179,740.119179,PASS
102,22:00,ucs,543.504964,543.504964,PASS
102,22:00,astar,543.504964,543.504964,PASS
103,22:00,ucs,311.221696,311.221696,PASS
103,22:00,astar,311.221696,311.221696,PASS
104,22:00,ucs,489.356429,489.356429,PASS
104,22:00,astar,489.356429,489.356429,PASS
105,22:00,ucs,460.478339,460.478339,PASS
105,22:00,astar,460.478339,460.478339,PASS
106,22:00,ucs,527.508411,527.508411,PASS
106,22:00,astar,527.508411,527.508411,PASS
107,22:00,ucs,667.351018,667.351018,PASS
107,22:00,astar,667.351018,667.351018,PASS
108,22:00,ucs,441.741286,441.741286,PASS
108,22:00,astar,441.741286,441.741286,PASS
109,22:00,ucs,572.820750,572.820750,PASS
109,22:00,astar,572.820750,572.820750,PASS
110,22:00,ucs,272.013446,272.013446,PASS
110,22:00,astar,272.013446,272.013446,PASS
111,22:00,ucs,463.873732,463.873732,PASS
111,22:00,astar,463.873732,463.873732,PASS
112,22:00,ucs,582.834375,582.834375,PASS
112,22:00,astar,582.834375,582.834375,PASS
113,22:00,ucs,513.549464,513.549464,PASS
113,22:00,astar,513.549464,513.549464,PASS
114,22:00,ucs,478.806054,478.806054,PASS
114,22:00,astar,478.806054,478.806054,PASS
115,22:00,ucs,535.162929,535.162929,PASS
115,22:00,astar,535.162929,535.162929,PASS
116,22:00,ucs,378.789875,378.789875,PASS
116,22:00,astar,378.789875,378.789875,PASS
117,22:00,ucs,336.662143,336.662143,PASS
117,22:00,astar,336.662143,336.662143,PASS
118,22:00,ucs,569.600839,569.600839,PASS
118,22:00,astar,569.600839,569.600839,PASS
119,22:00,ucs,406.951125,406.951125,PASS
119,22:00,astar,406.951125,406.951125,PASS
120,22:00,ucs,428.404786,428.404786,PASS
120,22:00,astar,428.404786,428.404786,PASS
121,22:00,ucs,446.664500,446.664500,PASS
121,22:00,astar,446.664500,446.664500,PASS
122,22:00,ucs,725.529536,725.529536,PASS
122,22:00,astar,725.529536,725.529536,PASS
123,22:00,ucs,326.923143,326.923143,PASS
123,22:00,astar,326.923143,326.923143,PASS
124,22:00,ucs,331.136250,331.136250,PASS
124,22:00,astar,331.136250,331.136250,PASS
125,22:00,ucs,287.236179,287.236179,PASS
125,22:00,astar,287.236179,287.236179,PASS
126,22:00,ucs,399.206696,399.206696,PASS
126,22:00,astar,399.206696,399.206696,PASS
127,22:00,ucs,527.605929,527.605929,PASS
127,22:00,astar,527.605929,527.605929,PASS
128,22:00,ucs,525.051196,525.051196,PASS
128,22:00,astar,525.051196,525.051196,PASS
129,22:00,ucs,489.487304,489.487304,PASS
129,22:00,astar,489.487304,489.487304,PASS
130,22:00,ucs,653.194196,653.194196,PASS
130,22:00,astar,653.194196,653.194196,PASS
131,22:00,ucs,722.860268,722.860268,PASS
131,22:00,astar,722.860268,722.860268,PASS
132,22:00,ucs,280.272429,280.272429,PASS
132,22:00,astar,280.272429,280.272429,PASS
133,22:00,ucs,480.177429,480.177429,PASS
133,22:00,astar,480.177429,480.177429,PASS
134,22:00,ucs,271.273089,271.273089,PASS
134,22:00,astar,271.273089,271.273089,PASS
135,22:00,ucs,243.520500,243.520500,PASS
135,22:00,astar,243.520500,243.520500,PASS
136,22:00,ucs,345.057732,345.057732,PASS
136,22:00,astar,345.057732,345.057732,PASS
137,22:00,ucs,425.600625,425.600625,PASS
137,22:00,astar,425.600625,425.600625,PASS
138,22:00,ucs,343.767500,343.767500,PASS
138,22:00,astar,343.767500,343.767500,PASS
139,22:00,ucs,384.869875,384.869875,PASS
139,22:00,astar,384.869875,384.869875,PASS
140,22:00,ucs,215.442500,215.442500,PASS
140,22:00,astar,215.442500,215.442500,PASS
141,22:00,ucs,175.638143,175.638143,PASS
141,22:00,astar,175.638143,175.638143,PASS
142,22:00,ucs,664.569732,664.569732,PASS
142,22:00,astar,664.569732,664.569732,PASS
143,22:00,ucs,407.436929,407.436929,PASS
143,22:00,astar,407.436929,407.436929,PASS
144,22:00,ucs,205.552143,205.552143,PASS
144,22:00,astar,205.552143,205.552143,PASS
145,22:00,ucs,415.767500,415.767500,PASS
145,22:00,astar,415.767500,415.767500,PASS
146,22:00,ucs,441.032000,441.032000,PASS
146,22:00,astar,441.032000,441.032000,PASS
147,22:00,ucs,396.978804,396.978804,PASS
147,22:00,astar,396.978804,396.978804,PASS
148,22:00,ucs,488.748679,488.748679,PASS
148,22:00,astar,488.748679,488.748679,PASS
149,22:00,ucs,310.745125,310.745125,PASS
149,22:00,astar,310.745125,310.745125,PASS
150,22:00,ucs,493.122500,493.122500,PASS
150,22:00,astar,493.122500,493.122500,PASS
151,22:00,ucs,686.342286,686.342286,PASS
151,22:00,astar,686.342286,686.342286,PASS
152,22:00,ucs,522.848911,522.848911,PASS
152,22:00,astar,522.848911,522.848911,PASS
153,22:00,ucs,294.959554,294.959554,PASS
153,22:00,astar,294.959554,294.959554,PASS
154,22:00,ucs,335.088929,335.088929,PASS
154,22:00,astar,335.088929,335.088929,PASS
155,22:00,ucs,395.994286,395.994286,PASS
155,22:00,astar,395.994286,395.994286,PASS
156,22:00,ucs,694.159946,694.159946,PASS
156,22:00,astar,694.159946,694.159946,PASS
157,22:00,ucs,333.001786,333.001786,PASS
157,22:00,astar,333.001786,333.001786,PASS
158,22:00,ucs,433.636500,433.636500,PASS
158,22:00,astar,433.636500,433.636500,PASS
159,22:00,ucs,571.300000,571.300000,PASS
159,22:00,astar,571.300000,571.300000,PASS
160,22:00,ucs,437.542929,437.542929,PASS
160,22:00,astar,437.542929,437.542929,PASS
161,22:00,ucs,259.602357,259.602357,PASS
161,22:00,astar,259.602357,259.602357,PASS
162,22:00,ucs,223.997429,223.997429,PASS
162,22:00,astar,223.997429,223.997429,PASS
163,22:00,ucs,374.189143,374.189143,PASS
163,22:00,astar,374.189143,374.189143,PASS
164,22:00,ucs,559.265286,559.265286,PASS
164,22:00,astar,559.265286,559.265286,PASS
165,22:00,ucs,461.737000,461.737000,PASS
165,22:00,astar,461.737000,461.737000,PASS
166,22:00,ucs,505.836875,505.836875,PASS
166,22:00,astar,505.836875,505.836875,PASS
167,22:00,ucs,581.113661,581.113661,PASS
167,22:00,astar,581.113661,581.113661,PASS
168,22:00,ucs,288.097625,288.097625,PASS
168,22:00,astar,288.097625,288.097625,PASS
169,22:00,ucs,546.383518,546.383518,PASS
169,22:00,astar,546.383518,546.383518,PASS
170,22:00,ucs,880.256500,880.256500,PASS
170,22:00,astar,880.256500,880.256500,PASS
171,22:00,ucs,512.787054,512.787054,PASS
171,22:00,astar,512.787054,512.787054,PASS
172,22:00,ucs,387.099357,387.099357,PASS
172,22:00,astar,387.099357,387.099357,PASS
173,22:00,ucs,313.131875,313.131875,PASS
173,22:00,astar,313.131875,313.131875,PASS
174,22:00,ucs,444.496857,444.496857,PASS
174,22:00,astar,444.496857,444.496857,PASS
175,22:00,ucs,629.880286,629.880286,PASS
175,22:00,astar,629.880286,629.880286,PASS
176,22:00,ucs,575.650196,575.650196,PASS
176,22:00,astar,575.650196,575.650196,PASS
177,22:00,ucs,368.404571,368.404571,PASS
177,22:00,astar,368.404571,368.404571,PASS
178,22:00,ucs,364.753232,364.753232,PASS
178,22:00,astar,364.753232,364.753232,PASS
179,22:00,ucs,574.681089,574.681089,PASS
179,22:00,astar,574.681089,574.681089,PASS
180,22:00,ucs,437.144250,437.144250,PASS
180,22:00,astar,437.144250,437.144250,PASS
181,22:00,ucs,161.061286,161.061286,PASS
181,22:00,astar,161.061286,161.061286,PASS
182,22:00,ucs,545.906071,545.906071,PASS
182,22:00,astar,545.906071,545.906071,PASS
183,22:00,ucs,257.957000,257.957000,PASS
183,22:00,astar,257.957000,257.957000,PASS
184,22:00,ucs,299.821071,299.821071,PASS
184,22:00,astar,299.821071,299.821071,PASS
185,22:00,ucs,342.764429,342.764429,PASS
185,22:00,astar,342.764429,342.764429,PASS
186,22:00,ucs,598.360946,598.360946,PASS
186,22:00,astar,598.360946,598.360946,PASS
187,22:00,ucs,325.657554,325.657554,PASS
187,22:00,astar,325.657554,325.657554,PASS
188,22:00,ucs,513.358000,513.358000,PASS
188,22:00,astar,513.358000,513.358000,PASS
189,22:00,ucs,218.566946,218.566946,PASS
189,22:00,astar,218.566946,218.566946,PASS
190,22:00,ucs,241.205750,241.205750,PASS
190,22:00,astar,241.205750,241.205750,PASS
191,22:00,ucs,710.265214,710.265214,PASS
191,22:00,astar,710.265214,710.265214,PASS
192,22:00,ucs,263.069643,263.069643,PASS
192,22:00,astar,263.069643,263.069643,PASS
193,22:00,ucs,171.718000,171.718000,PASS
193,22:00,astar,171.718000,171.718000,PASS
194,22:00,ucs,476.126375,476.126375,PASS
194,22:00,astar,476.126375,476.126375,PASS
195,22:00,ucs,561.038357,561.038357,PASS
195,22:00,astar,561.038357,561.038357,PASS
196,22:00,ucs,141.235000,141.235000,PASS
196,22:00,astar,141.235000,141.235000,PASS
197,22:00,ucs,427.398000,427.398000,PASS
197,22:00,astar,427.398000,427.398000,PASS
198,22:00,ucs,628.510250,628.510250,PASS
198,22:00,astar,628.510250,628.510250,PASS
199,22:00,ucs,396.286804,396.286804,PASS
199,22:00,astar,396.286804,396.286804,PASS
